,Unnamed: 0,hastalik,idd,smiles,jtvae_0,jtvae_1,jtvae_2,jtvae_3,jtvae_4,jtvae_5,jtvae_6,jtvae_7,jtvae_8,jtvae_9,jtvae_10,jtvae_11,jtvae_12,jtvae_13,jtvae_14,jtvae_15,jtvae_16,jtvae_17,jtvae_18,jtvae_19,jtvae_20,jtvae_21,jtvae_22,jtvae_23,jtvae_24,jtvae_25,jtvae_26,jtvae_27,jtvae_28,jtvae_29,jtvae_30,jtvae_31,jtvae_32,jtvae_33,jtvae_34,jtvae_35,jtvae_36,jtvae_37,jtvae_38,jtvae_39,jtvae_40,jtvae_41,jtvae_42,jtvae_43,jtvae_44,jtvae_45,jtvae_46,jtvae_47,jtvae_48,jtvae_49,jtvae_50,jtvae_51,jtvae_52,jtvae_53,jtvae_54,jtvae_55
0,0,Arrhythmogenic right ventricular dysplasia,CHEMBL1168,CCOC(=O)C(CCc1ccccc1)NC(C)C(=O)N1C(C(=O)O)CC2CCCC21,-2.7370565,0.30492973,-2.2320213,1.507199,3.75988,-3.5648282,0.7476381,5.77757,4.445449,5.632581,0.004548922,0.076335475,-0.023955509,-3.3797078,-0.6093025,3.3534455,-2.7404015,2.4522023,1.2569059,0.09159695,0.46549237,-0.8986685,6.974541,3.5473754,4.971239,0.6503601,1.0805749,1.1291226,-0.3420077,0.40603712,-0.20654765,0.097611174,0.28324088,0.32689828,0.566176,-0.58275145,0.22684115,-0.58781916,-0.5059067,-0.52405834,0.38712502,0.3893127,0.6207152,0.5119456,0.8008952,-0.51182175,-0.07305719,0.8859755,-0.48037875,-0.42351076,-0.75095916,0.52132773,1.0272983,-0.59514165,0.6424628,0.22164086
1,1,Arrhythmogenic right ventricular dysplasia,CHEMBL652,O=C(NCC1CCCCN1)c1cc(OCC(F)(F)F)ccc1OCC(F)(F)F,-1.4223795,-4.2516937,2.7508557,6.0308323,-0.2208593,-0.8962333,-3.0911903,-3.062401,2.4434862,-0.3327856,-0.33480096,1.7910719,6.3167167,5.016568,4.321222,-0.06876962,-4.512324,-2.2796545,0.090473965,-1.617647,-3.4125013,-1.6563199,5.810445,5.848062,-1.5898037,3.562172,0.5412763,-0.43947998,-0.41900927,0.8824121,-0.23907009,0.3942762,0.47714552,0.61202854,0.7059997,-0.48701125,0.5866843,-0.0017633401,0.04215685,-0.9478266,-0.1965789,0.45808423,0.41115865,0.24584174,1.3442245,-0.65886545,0.27336025,0.74537796,-1.2671732,0.35369363,0.61093557,-0.45318022,1.0559942,-0.07302711,0.52418864,-0.04278329
