,Unnamed: 0,hastalik,idd,smiles,jtvae_0,jtvae_1,jtvae_2,jtvae_3,jtvae_4,jtvae_5,jtvae_6,jtvae_7,jtvae_8,jtvae_9,jtvae_10,jtvae_11,jtvae_12,jtvae_13,jtvae_14,jtvae_15,jtvae_16,jtvae_17,jtvae_18,jtvae_19,jtvae_20,jtvae_21,jtvae_22,jtvae_23,jtvae_24,jtvae_25,jtvae_26,jtvae_27,jtvae_28,jtvae_29,jtvae_30,jtvae_31,jtvae_32,jtvae_33,jtvae_34,jtvae_35,jtvae_36,jtvae_37,jtvae_38,jtvae_39,jtvae_40,jtvae_41,jtvae_42,jtvae_43,jtvae_44,jtvae_45,jtvae_46,jtvae_47,jtvae_48,jtvae_49,jtvae_50,jtvae_51,jtvae_52,jtvae_53,jtvae_54,jtvae_55
0,0,monoclonal gammopathy,CHEMBL118,Cc1ccc(-c2cc(C(F)(F)F)nn2-c2ccc(S(N)(=O)=O)cc2)cc1,-2.6074376106262207,-4.126893997192383,-0.5151768922805786,7.778248310089111,3.716033697128296,-1.9606322050094604,2.3371152877807617,0.5306245684623718,-2.4119060039520264,-2.9832825660705566,0.15704704821109772,-1.4830515384674072,0.38026922941207886,2.5815086364746094,1.1326876878738403,-4.19283390045166,0.035733237862586975,-0.8219676613807678,3.6685328483581543,0.3668350279331207,-1.036866545677185,-1.6841531991958618,0.20876544713974,-2.9313108921051025,-0.4377022981643677,1.090294361114502,-3.364302635192871,3.2008438110351562,-0.48730599880218506,0.20276141166687012,0.716302752494812,1.0586605072021484,-0.0462612509727478,0.20794469118118286,0.9791082143783569,-1.3155397176742554,0.22142404317855835,0.3007836639881134,0.2562156021595001,0.3632134795188904,0.7201864719390869,2.4009392261505127,0.5133790373802185,0.6781921982765198,1.0395195484161377,0.09647805243730545,-0.277133047580719,-0.2274588942527771,0.25318244099617004,0.925595760345459,-0.21605628728866577,1.0441468954086304,-0.11352090537548065,-0.764443039894104,-0.6378414034843445,-0.40561601519584656
