,Unnamed: 0,hastalik,idd,smiles,jtvae_0,jtvae_1,jtvae_2,jtvae_3,jtvae_4,jtvae_5,jtvae_6,jtvae_7,jtvae_8,jtvae_9,jtvae_10,jtvae_11,jtvae_12,jtvae_13,jtvae_14,jtvae_15,jtvae_16,jtvae_17,jtvae_18,jtvae_19,jtvae_20,jtvae_21,jtvae_22,jtvae_23,jtvae_24,jtvae_25,jtvae_26,jtvae_27,jtvae_28,jtvae_29,jtvae_30,jtvae_31,jtvae_32,jtvae_33,jtvae_34,jtvae_35,jtvae_36,jtvae_37,jtvae_38,jtvae_39,jtvae_40,jtvae_41,jtvae_42,jtvae_43,jtvae_44,jtvae_45,jtvae_46,jtvae_47,jtvae_48,jtvae_49,jtvae_50,jtvae_51,jtvae_52,jtvae_53,jtvae_54,jtvae_55
0,0,Retinitis pigmentosa,CHEMBL1431,CN(C)C(=N)NC(=N)N,1.7658916,-0.32675093,-0.35211137,-7.697538,-2.0706518,-4.6510344,0.27253172,-4.1880584,-6.7911644,-6.0403605,0.53055763,7.1199913,3.122106,-1.9500611,1.2690738,0.06970321,-3.0831113,0.68135226,0.49339437,-1.5486231,-0.46575642,-4.833114,3.8848765,-2.9575894,0.19831635,1.9943715,-3.4296927,3.0324929,-0.3267191,0.14767453,0.4592824,-0.11171891,0.38721484,1.7664568,-0.17185022,0.7986102,-0.39695582,1.0097498,0.075734586,0.24100748,0.5707358,0.031905413,0.102189906,0.18632048,2.0067725,-1.3493282,-0.6411687,-0.020506218,-0.836599,-0.8176144,0.10561744,-0.22233778,0.12802726,-0.7067045,-1.1770977,-0.38651386
1,1,Retinitis pigmentosa,CHEMBL1201236,CC(Cc1ccc(O)c(O)c1)(NN)C(=O)O,0.5867731,-1.363116,0.38096765,-3.0102084,2.881358,-2.7754092,4.389956,1.5152627,-0.634194,-1.6171377,0.05326341,-2.7842135,3.486497,5.7150955,0.9141639,-0.23875593,1.6217381,-1.5698364,2.7206964,-2.7849245,-0.5673428,-1.3909193,6.8520937,1.0134938,0.83274627,-2.378817,-2.4075775,1.0448844,-0.06789881,0.7326152,-0.857721,-0.5073524,0.56971717,-0.3056599,0.83423734,-0.71329975,0.24205282,0.06662671,0.24803524,-0.89501405,-0.2775031,0.68196213,-0.12570092,-0.55850303,1.695803,0.12465971,0.9199217,0.21066818,-0.24523556,0.63669604,0.29765257,1.2928851,-0.06041138,-1.7070786,-0.6174938,-0.84656143
