,Unnamed: 0,hastalik,idd,smiles,jtvae_0,jtvae_1,jtvae_2,jtvae_3,jtvae_4,jtvae_5,jtvae_6,jtvae_7,jtvae_8,jtvae_9,jtvae_10,jtvae_11,jtvae_12,jtvae_13,jtvae_14,jtvae_15,jtvae_16,jtvae_17,jtvae_18,jtvae_19,jtvae_20,jtvae_21,jtvae_22,jtvae_23,jtvae_24,jtvae_25,jtvae_26,jtvae_27,jtvae_28,jtvae_29,jtvae_30,jtvae_31,jtvae_32,jtvae_33,jtvae_34,jtvae_35,jtvae_36,jtvae_37,jtvae_38,jtvae_39,jtvae_40,jtvae_41,jtvae_42,jtvae_43,jtvae_44,jtvae_45,jtvae_46,jtvae_47,jtvae_48,jtvae_49,jtvae_50,jtvae_51,jtvae_52,jtvae_53,jtvae_54,jtvae_55
0,0,serous adenocarcinoma,CHEMBL428647,CC(=O)OC1C(=O)C2(C)C(O)CC3OCC3(OC(C)=O)C2C(OC(=O)c2ccccc2)C2(O)CC(OC(=O)C(O)C(NC(=O)c3ccccc3)c3ccccc3)C(C)=C1C2(C)C,-7.150332927703857,9.99659252166748,2.994817018508911,1.408018946647644,13.310490608215332,-6.609699726104736,-1.789825677871704,-4.140255928039551,0.2113684117794037,8.896896362304688,3.829693555831909,5.547561168670654,1.1800364255905151,-0.6271957159042358,15.647296905517578,-2.3967785835266113,-2.789597272872925,-3.4981064796447754,-2.2362256050109863,-0.4423660635948181,0.9812163710594177,-0.06545253098011017,14.690649032592773,3.160684585571289,8.76557445526123,4.613797664642334,0.10865659266710281,7.882796287536621,0.5680016875267029,0.13897103071212769,0.0011871084570884705,0.4707915186882019,0.2452731877565384,-0.023256003856658936,0.3755754828453064,0.02660646103322506,0.6476965546607971,-0.03670288622379303,0.15288931131362915,0.07197415828704834,-0.07452669739723206,0.24286596477031708,-0.03068118542432785,0.6978437304496765,1.4346685409545898,0.2626572251319885,0.11011207103729248,0.30285942554473877,-0.6291736960411072,-0.07235689461231232,-0.3450900614261627,0.4890855550765991,0.7091513872146606,0.5402970314025879,0.04748567193746567,0.5660329461097717
