,Unnamed: 0,hastalik,idd,smiles,jtvae_0,jtvae_1,jtvae_2,jtvae_3,jtvae_4,jtvae_5,jtvae_6,jtvae_7,jtvae_8,jtvae_9,jtvae_10,jtvae_11,jtvae_12,jtvae_13,jtvae_14,jtvae_15,jtvae_16,jtvae_17,jtvae_18,jtvae_19,jtvae_20,jtvae_21,jtvae_22,jtvae_23,jtvae_24,jtvae_25,jtvae_26,jtvae_27,jtvae_28,jtvae_29,jtvae_30,jtvae_31,jtvae_32,jtvae_33,jtvae_34,jtvae_35,jtvae_36,jtvae_37,jtvae_38,jtvae_39,jtvae_40,jtvae_41,jtvae_42,jtvae_43,jtvae_44,jtvae_45,jtvae_46,jtvae_47,jtvae_48,jtvae_49,jtvae_50,jtvae_51,jtvae_52,jtvae_53,jtvae_54,jtvae_55
0,0,type I diabetes mellitus,CHEMBL1431,CN(C)C(=N)NC(=N)N,1.7658916,-0.32675093,-0.35211137,-7.697538,-2.0706518,-4.6510344,0.27253172,-4.1880584,-6.7911644,-6.0403605,0.53055763,7.1199913,3.122106,-1.9500611,1.2690738,0.06970321,-3.0831113,0.68135226,0.49339437,-1.5486231,-0.46575642,-4.833114,3.8848765,-2.9575894,0.19831635,1.9943715,-3.4296927,3.0324929,-0.3267191,0.14767453,0.4592824,-0.11171891,0.38721484,1.7664568,-0.17185022,0.7986102,-0.39695582,1.0097498,0.075734586,0.24100748,0.5707358,0.031905413,0.102189906,0.18632048,2.0067725,-1.3493282,-0.6411687,-0.020506218,-0.836599,-0.8176144,0.10561744,-0.22233778,0.12802726,-0.7067045,-1.1770977,-0.38651386
1,1,type I diabetes mellitus,CHEMBL1042,C=C1CCC(O)CC1=CC=C1CCCC2(C)C1CCC2C(C)CCCC(C)C,6.357811,-0.64743936,-0.61802864,-7.033458,6.415,3.9039457,-8.845913,-1.4782172,6.2936535,6.855023,3.8469737,1.2451856,5.4213037,-0.8180765,2.9476788,5.237821,1.8818046,-1.0095304,-0.30820966,3.6090722,2.2466664,-4.0402284,-1.9779601,-0.4258458,6.352307,3.2332067,-1.6911623,5.751381,0.4033338,0.21811846,-0.002511032,0.7847012,1.2725784,1.0953755,0.26396874,0.4187714,0.57376105,-0.098823085,0.16174178,-0.04564338,0.97993076,-0.38511115,0.30868077,0.45122796,1.4784802,0.47557917,-0.7587655,1.0445881,-0.8166964,0.353757,-0.107013844,-0.1855725,0.972114,0.009277597,0.032716192,0.48028898
